timestamp,pid,type,workingSetMB
2026-09-05T11:02:58.8240003-07:00,39116,crashpad-handler,10.48
2026-09-05T11:02:58.8398269-07:00,9168,gpu-process,302.4
2026-09-05T11:02:58.8513958-07:00,8340,utility,38.46
2026-09-05T11:02:58.8604430-07:00,45576,utility,19.17
2026-09-05T11:02:58.8871564-07:00,30008,renderer,82.19
2026-09-05T11:02:58.9341731-07:00,38120,renderer,57.5
2026-09-05T11:02:58.9740617-07:00,34092,renderer,30.11
2026-09-05T11:03:00.1565788-07:00,39116,crashpad-handler,10.48
2026-09-05T11:03:00.1690357-07:00,9168,gpu-process,302.4
2026-09-05T11:03:00.1804608-07:00,8340,utility,38.46
2026-09-05T11:03:00.1979895-07:00,45576,utility,19.17
2026-09-05T11:03:00.2086889-07:00,30008,renderer,82.19
2026-09-05T11:03:00.2223868-07:00,38120,renderer,57.5
2026-09-05T11:03:00.2300600-07:00,34092,renderer,30.11
2026-09-05T11:03:01.2293196-07:00,39116,crashpad-handler,10.48
2026-09-05T11:03:01.2376918-07:00,9168,gpu-process,302.4
2026-09-05T11:03:01.2516677-07:00,8340,utility,38.46
2026-09-05T11:03:01.2832666-07:00,45576,utility,19.17
2026-09-05T11:03:01.2984698-07:00,30008,renderer,82.19
2026-09-05T11:03:01.3085569-07:00,38120,renderer,57.5
2026-09-05T11:03:01.3191930-07:00,34092,renderer,30.11
2026-09-05T11:03:02.4061730-07:00,39116,crashpad-handler,10.48
2026-09-05T11:03:02.4140927-07:00,9168,gpu-process,302.41
2026-09-05T11:03:02.4265180-07:00,8340,utility,38.46
2026-09-05T11:03:02.4369846-07:00,45576,utility,19.17
2026-09-05T11:03:02.4664697-07:00,30008,renderer,82.19
2026-09-05T11:03:02.4770943-07:00,38120,renderer,57.5
2026-09-05T11:03:02.4878695-07:00,34092,renderer,30.11
2026-09-05T11:03:03.5607985-07:00,39116,crashpad-handler,10.48
2026-09-05T11:03:03.5716410-07:00,9168,gpu-process,324.56
2026-09-05T11:03:03.5819655-07:00,8340,utility,38.64
2026-09-05T11:03:03.5973152-07:00,45576,utility,19.17
2026-09-05T11:03:03.6146586-07:00,30008,renderer,82.19
2026-09-05T11:03:03.6533166-07:00,38120,renderer,57.53
2026-09-05T11:03:03.6645662-07:00,34092,renderer,30.11
2026-09-05T11:03:04.6898255-07:00,39116,crashpad-handler,10.48
2026-09-05T11:03:04.6959379-07:00,9168,gpu-process,384.29
2026-09-05T11:03:04.7120037-07:00,8340,utility,40.67
2026-09-05T11:03:04.7226919-07:00,45576,utility,19.5
2026-09-05T11:03:04.7281550-07:00,30008,renderer,82.7
2026-09-05T11:03:04.7451928-07:00,38120,renderer,72.71
2026-09-05T11:03:04.7556703-07:00,34092,renderer,30.11
2026-09-05T11:03:05.8171756-07:00,39116,crashpad-handler,10.48
2026-09-05T11:03:05.8289648-07:00,9168,gpu-process,396.95
2026-09-05T11:03:05.8375358-07:00,8340,utility,63.94
2026-09-05T11:03:05.8523692-07:00,45576,utility,19.5
2026-09-05T11:03:05.8653327-07:00,30008,renderer,82.7
2026-09-05T11:03:05.8778580-07:00,38120,renderer,138.66
2026-09-05T11:03:05.8909772-07:00,34092,renderer,30.11
2026-09-05T11:03:07.0008257-07:00,39116,crashpad-handler,10.48
2026-09-05T11:03:07.0228742-07:00,9168,gpu-process,397.09
2026-09-05T11:03:07.0597175-07:00,8340,utility,64.11
2026-09-05T11:03:07.0939290-07:00,45576,utility,19.5
2026-09-05T11:03:07.1157840-07:00,30008,renderer,82.7
2026-09-05T11:03:07.1370170-07:00,38120,renderer,390.49
2026-09-05T11:03:07.1616824-07:00,34092,renderer,30.12
2026-09-05T11:03:08.2042512-07:00,39116,crashpad-handler,10.48
2026-09-05T11:03:08.2166335-07:00,9168,gpu-process,396.8
2026-09-05T11:03:08.2288592-07:00,8340,utility,64.14
2026-09-05T11:03:08.2422671-07:00,45576,utility,19.5
2026-09-05T11:03:08.2540894-07:00,30008,renderer,82.7
2026-09-05T11:03:08.2610399-07:00,38120,renderer,435.71
2026-09-05T11:03:08.2793422-07:00,34092,renderer,30.12
2026-09-05T11:03:09.3061632-07:00,39116,crashpad-handler,10.48
2026-09-05T11:03:09.3234831-07:00,9168,gpu-process,396.8
2026-09-05T11:03:09.3351124-07:00,8340,utility,65.09
2026-09-05T11:03:09.3536265-07:00,45576,utility,19.5
2026-09-05T11:03:09.3677544-07:00,30008,renderer,82.7
2026-09-05T11:03:09.3845433-07:00,38120,renderer,488.69
2026-09-05T11:03:09.3999312-07:00,34092,renderer,30.12
2026-09-05T11:03:10.4018062-07:00,39116,crashpad-handler,10.48
2026-09-05T11:03:10.4175957-07:00,9168,gpu-process,387.07
2026-09-05T11:03:10.4337232-07:00,8340,utility,63.04
2026-09-05T11:03:10.4488585-07:00,45576,utility,19.5
2026-09-05T11:03:10.4654458-07:00,30008,renderer,82.7
2026-09-05T11:03:10.4845204-07:00,38120,renderer,525.07
2026-09-05T11:03:10.5081156-07:00,34092,renderer,30.12
2026-09-05T11:03:11.6175776-07:00,39116,crashpad-handler,10.48
2026-09-05T11:03:11.6346156-07:00,9168,gpu-process,385.01
2026-09-05T11:03:11.6502840-07:00,8340,utility,63.2
2026-09-05T11:03:11.6641985-07:00,45576,utility,19.5
2026-09-05T11:03:11.6841708-07:00,30008,renderer,82.7
2026-09-05T11:03:11.6996733-07:00,38120,renderer,570.03
2026-09-05T11:03:11.7135986-07:00,34092,renderer,30.12
2026-09-05T11:03:12.6848557-07:00,39116,crashpad-handler,10.48
2026-09-05T11:03:12.7193383-07:00,9168,gpu-process,376.89
2026-09-05T11:03:12.7376250-07:00,8340,utility,54.98
2026-09-05T11:03:12.7780615-07:00,45576,utility,19.5
2026-09-05T11:03:12.7946883-07:00,30008,renderer,82.7
2026-09-05T11:03:12.8088341-07:00,38120,renderer,505.13
2026-09-05T11:03:12.8225739-07:00,34092,renderer,30.12
2026-09-05T11:03:13.8847834-07:00,39116,crashpad-handler,10.48
2026-09-05T11:03:13.8984024-07:00,9168,gpu-process,381.11
2026-09-05T11:03:13.9103043-07:00,8340,utility,53.46
2026-09-05T11:03:13.9274453-07:00,45576,utility,19.5
2026-09-05T11:03:13.9396263-07:00,30008,renderer,82.7
2026-09-05T11:03:13.9524310-07:00,38120,renderer,835.71
2026-09-05T11:03:13.9637100-07:00,34092,renderer,30.12
2026-09-05T11:03:15.0645475-07:00,39116,crashpad-handler,10.48
2026-09-05T11:03:15.0831211-07:00,9168,gpu-process,381.11
2026-09-05T11:03:15.1030931-07:00,8340,utility,53.46
2026-09-05T11:03:15.1287095-07:00,45576,utility,19.5
2026-09-05T11:03:15.1508383-07:00,30008,renderer,82.7
2026-09-05T11:03:15.1719652-07:00,38120,renderer,588.64
2026-09-05T11:03:15.2041401-07:00,34092,renderer,30.12
2026-09-05T11:03:16.2822197-07:00,39116,crashpad-handler,10.48
2026-09-05T11:03:16.3105996-07:00,9168,gpu-process,361.16
2026-09-05T11:03:16.3348314-07:00,8340,utility,53.51
2026-09-05T11:03:16.3503020-07:00,45576,utility,19.5
2026-09-05T11:03:16.3688913-07:00,30008,renderer,82.7
2026-09-05T11:03:16.4256760-07:00,38120,renderer,586.92
2026-09-05T11:03:16.4398795-07:00,34092,renderer,30.12
2026-09-05T11:03:17.6318116-07:00,39116,crashpad-handler,10.48
2026-09-05T11:03:17.6665127-07:00,9168,gpu-process,387.88
2026-09-05T11:03:17.7030183-07:00,8340,utility,53.38
2026-09-05T11:03:17.7501099-07:00,45576,utility,19.5
2026-09-05T11:03:17.7818317-07:00,30008,renderer,82.7
2026-09-05T11:03:17.8321092-07:00,38120,renderer,620.64
2026-09-05T11:03:17.8488530-07:00,34092,renderer,30.12
2026-09-05T11:03:17.8613297-07:00,36372,gpu-process,49.76
2026-09-05T11:03:18.9589058-07:00,39116,crashpad-handler,10.48
2026-09-05T11:03:18.9890211-07:00,9168,gpu-process,389.46
2026-09-05T11:03:19.0062756-07:00,8340,utility,53.39
2026-09-05T11:03:19.0442290-07:00,45576,utility,19.5
2026-09-05T11:03:19.0788730-07:00,30008,renderer,82.7
2026-09-05T11:03:19.1160939-07:00,38120,renderer,646.99
2026-09-05T11:03:19.1317815-07:00,34092,renderer,30.12
2026-09-05T11:03:20.1279978-07:00,39116,crashpad-handler,10.48
2026-09-05T11:03:20.1419791-07:00,9168,gpu-process,385.78
2026-09-05T11:03:20.1543596-07:00,8340,utility,53.46
2026-09-05T11:03:20.1777165-07:00,45576,utility,19.5
2026-09-05T11:03:20.2013050-07:00,30008,renderer,82.7
2026-09-05T11:03:20.2340674-07:00,38120,renderer,670.7
2026-09-05T11:03:20.2909443-07:00,34092,renderer,30.12
2026-09-05T11:03:21.3136495-07:00,39116,crashpad-handler,10.48
2026-09-05T11:03:21.3323730-07:00,9168,gpu-process,507.16
2026-09-05T11:03:21.3622159-07:00,8340,utility,53.47
2026-09-05T11:03:21.4034347-07:00,45576,utility,19.64
2026-09-05T11:03:21.4354522-07:00,30008,renderer,82.7
2026-09-05T11:03:21.4999414-07:00,38120,renderer,724.35
2026-09-05T11:03:21.5387332-07:00,34092,renderer,30.12
2026-09-05T11:03:22.5283854-07:00,39116,crashpad-handler,10.48
2026-09-05T11:03:22.5412076-07:00,9168,gpu-process,702.85
2026-09-05T11:03:22.5563364-07:00,8340,utility,53.4
2026-09-05T11:03:22.5692834-07:00,45576,utility,19.62
2026-09-05T11:03:22.5818166-07:00,30008,renderer,82.7
2026-09-05T11:03:22.5931542-07:00,38120,renderer,697.25
2026-09-05T11:03:22.6064099-07:00,34092,renderer,30.12
2026-09-05T11:03:23.7474392-07:00,39116,crashpad-handler,10.48
2026-09-05T11:03:23.7696384-07:00,9168,gpu-process,702.84
2026-09-05T11:03:23.8090390-07:00,8340,utility,53.4
2026-09-05T11:03:23.8485417-07:00,45576,utility,19.62
2026-09-05T11:03:23.8640606-07:00,30008,renderer,82.7
2026-09-05T11:03:23.8753220-07:00,38120,renderer,697.23
2026-09-05T11:03:23.8907428-07:00,34092,renderer,30.12
2026-09-05T11:03:24.9964883-07:00,39116,crashpad-handler,10.48
2026-09-05T11:03:25.0351395-07:00,9168,gpu-process,698.78
2026-09-05T11:03:25.0684571-07:00,8340,utility,53.4
2026-09-05T11:03:25.0879370-07:00,45576,utility,19.62
2026-09-05T11:03:25.1045581-07:00,30008,renderer,82.7
2026-09-05T11:03:25.1219549-07:00,38120,renderer,697.23
2026-09-05T11:03:25.1389017-07:00,34092,renderer,30.12
2026-09-05T11:03:26.2098839-07:00,39116,crashpad-handler,10.48
2026-09-05T11:03:26.2343154-07:00,9168,gpu-process,698.63
2026-09-05T11:03:26.2660436-07:00,8340,utility,53.4
2026-09-05T11:03:26.2972081-07:00,45576,utility,19.72
2026-09-05T11:03:26.3108487-07:00,30008,renderer,82.7
2026-09-05T11:03:26.3342353-07:00,38120,renderer,694.29
2026-09-05T11:03:26.3602848-07:00,34092,renderer,30.12
2026-09-05T11:03:27.4179043-07:00,39116,crashpad-handler,10.48
2026-09-05T11:03:27.4595278-07:00,9168,gpu-process,696.13
2026-09-05T11:03:27.4809614-07:00,8340,utility,53.4
2026-09-05T11:03:27.4985807-07:00,45576,utility,19.72
2026-09-05T11:03:27.5209318-07:00,30008,renderer,82.7
2026-09-05T11:03:27.5405061-07:00,38120,renderer,694.48
2026-09-05T11:03:27.5533599-07:00,34092,renderer,30.12
2026-09-05T11:03:28.6522259-07:00,39116,crashpad-handler,10.48
2026-09-05T11:03:28.6732676-07:00,9168,gpu-process,664.74
2026-09-05T11:03:28.7078098-07:00,8340,utility,53.4
2026-09-05T11:03:28.7200314-07:00,45576,utility,19.72
2026-09-05T11:03:28.7358507-07:00,30008,renderer,82.7
2026-09-05T11:03:28.7498646-07:00,38120,renderer,694.48
2026-09-05T11:03:28.7625139-07:00,34092,renderer,30.12
2026-09-05T11:03:29.7849581-07:00,39116,crashpad-handler,10.48
2026-09-05T11:03:29.8091312-07:00,9168,gpu-process,633.04
2026-09-05T11:03:29.8286376-07:00,8340,utility,53.25
2026-09-05T11:03:29.8588151-07:00,45576,utility,19.72
2026-09-05T11:03:29.8800398-07:00,30008,renderer,82.7
2026-09-05T11:03:29.8995919-07:00,38120,renderer,694.49
2026-09-05T11:03:29.9243348-07:00,34092,renderer,30.12
2026-09-05T11:03:30.9198403-07:00,39116,crashpad-handler,10.48
2026-09-05T11:03:30.9326317-07:00,9168,gpu-process,633.04
2026-09-05T11:03:30.9712866-07:00,8340,utility,53.25
2026-09-05T11:03:30.9907555-07:00,45576,utility,19.72
2026-09-05T11:03:31.0054100-07:00,30008,renderer,82.7
2026-09-05T11:03:31.0309029-07:00,38120,renderer,694.32
2026-09-05T11:03:31.0455349-07:00,34092,renderer,30.12
2026-09-05T11:03:32.0151262-07:00,39116,crashpad-handler,10.48
2026-09-05T11:03:32.0295669-07:00,9168,gpu-process,633.07
2026-09-05T11:03:32.0414745-07:00,8340,utility,53.23
2026-09-05T11:03:32.0546192-07:00,45576,utility,19.72
2026-09-05T11:03:32.0811584-07:00,30008,renderer,82.7
2026-09-05T11:03:32.0918743-07:00,38120,renderer,694.32
2026-09-05T11:03:32.1053962-07:00,34092,renderer,30.12
2026-09-05T11:03:33.1575161-07:00,39116,crashpad-handler,10.48
2026-09-05T11:03:33.1657283-07:00,9168,gpu-process,633.07
2026-09-05T11:03:33.1784398-07:00,8340,utility,53.23
2026-09-05T11:03:33.1896281-07:00,45576,utility,19.72
2026-09-05T11:03:33.1999712-07:00,30008,renderer,82.7
2026-09-05T11:03:33.2123588-07:00,38120,renderer,694.32
2026-09-05T11:03:33.2232277-07:00,34092,renderer,30.12
2026-09-05T11:03:34.1337201-07:00,39116,crashpad-handler,10.48
2026-09-05T11:03:34.1463012-07:00,9168,gpu-process,633.07
2026-09-05T11:03:34.1588996-07:00,8340,utility,53.23
2026-09-05T11:03:34.1911113-07:00,45576,utility,19.72
2026-09-05T11:03:34.2144231-07:00,30008,renderer,82.7
2026-09-05T11:03:34.2264317-07:00,38120,renderer,679.86
2026-09-05T11:03:34.2389624-07:00,34092,renderer,30.12
2026-09-05T11:03:35.2169543-07:00,39116,crashpad-handler,10.48
2026-09-05T11:03:35.2293907-07:00,9168,gpu-process,633.09
2026-09-05T11:03:35.2404625-07:00,8340,utility,53.25
2026-09-05T11:03:35.2511191-07:00,45576,utility,19.72
2026-09-05T11:03:35.2646470-07:00,30008,renderer,82.7
2026-09-05T11:03:35.2775801-07:00,38120,renderer,677.27
2026-09-05T11:03:35.3294704-07:00,34092,renderer,30.12
2026-09-05T11:03:36.2357515-07:00,39116,crashpad-handler,10.48
2026-09-05T11:03:36.2512220-07:00,9168,gpu-process,633.09
2026-09-05T11:03:36.2663074-07:00,8340,utility,53.25
2026-09-05T11:03:36.2795415-07:00,45576,utility,19.72
2026-09-05T11:03:36.3165432-07:00,30008,renderer,82.7
2026-09-05T11:03:36.3282646-07:00,38120,renderer,680.6
2026-09-05T11:03:36.3384203-07:00,34092,renderer,30.12
2026-09-05T11:03:37.3541785-07:00,39116,crashpad-handler,10.48
2026-09-05T11:03:37.3658897-07:00,9168,gpu-process,631.59
2026-09-05T11:03:37.3789981-07:00,8340,utility,53.25
2026-09-05T11:03:37.3911618-07:00,45576,utility,19.72
2026-09-05T11:03:37.4017946-07:00,30008,renderer,82.7
2026-09-05T11:03:37.4152755-07:00,38120,renderer,681.1
2026-09-05T11:03:37.4214365-07:00,34092,renderer,30.12
2026-09-05T11:03:38.3473363-07:00,39116,crashpad-handler,10.48
2026-09-05T11:03:38.3612201-07:00,9168,gpu-process,631.49
2026-09-05T11:03:38.3638809-07:00,8340,utility,53.25
2026-09-05T11:03:38.3863252-07:00,45576,utility,19.72
2026-09-05T11:03:38.4118235-07:00,30008,renderer,82.7
2026-09-05T11:03:38.4285745-07:00,38120,renderer,681.23
2026-09-05T11:03:38.4573736-07:00,34092,renderer,30.12
2026-09-05T11:03:39.4355211-07:00,39116,crashpad-handler,10.48
2026-09-05T11:03:39.4459211-07:00,9168,gpu-process,631.52
2026-09-05T11:03:39.4580737-07:00,8340,utility,53.25
2026-09-05T11:03:39.4698800-07:00,45576,utility,19.72
2026-09-05T11:03:39.4811804-07:00,30008,renderer,82.7
2026-09-05T11:03:39.4915882-07:00,38120,renderer,678.24
2026-09-05T11:03:39.5043010-07:00,34092,renderer,30.12
2026-09-05T11:03:40.5914202-07:00,39116,crashpad-handler,10.48
2026-09-05T11:03:40.6102380-07:00,9168,gpu-process,623.53
2026-09-05T11:03:40.6272137-07:00,8340,utility,53.25
2026-09-05T11:03:40.6389295-07:00,45576,utility,19.72
2026-09-05T11:03:40.6509377-07:00,30008,renderer,82.7
2026-09-05T11:03:40.6607094-07:00,38120,renderer,678.44
2026-09-05T11:03:40.6722157-07:00,34092,renderer,30.12
2026-09-05T11:03:41.5995935-07:00,39116,crashpad-handler,10.48
2026-09-05T11:03:41.6083229-07:00,9168,gpu-process,626.52
2026-09-05T11:03:41.6816582-07:00,8340,utility,53.25
2026-09-05T11:03:41.7148417-07:00,45576,utility,19.72
2026-09-05T11:03:41.7225215-07:00,30008,renderer,82.7
2026-09-05T11:03:41.7336776-07:00,38120,renderer,678.62
2026-09-05T11:03:41.7458400-07:00,34092,renderer,30.12
2026-09-05T11:03:42.9688101-07:00,39116,crashpad-handler,10.48
2026-09-05T11:03:42.9797347-07:00,9168,gpu-process,626.5
2026-09-05T11:03:42.9930574-07:00,8340,utility,53.25
2026-09-05T11:03:43.0035489-07:00,45576,utility,19.72
2026-09-05T11:03:43.0165358-07:00,30008,renderer,82.7
2026-09-05T11:03:43.0410803-07:00,38120,renderer,678.88
2026-09-05T11:03:43.0534064-07:00,34092,renderer,30.12
2026-09-05T11:03:44.0675777-07:00,39116,crashpad-handler,10.48
2026-09-05T11:03:44.0837449-07:00,9168,gpu-process,626.5
2026-09-05T11:03:44.0984930-07:00,8340,utility,53.25
2026-09-05T11:03:44.1108146-07:00,45576,utility,19.72
2026-09-05T11:03:44.1266723-07:00,30008,renderer,82.7
2026-09-05T11:03:44.1347810-07:00,38120,renderer,678.71
2026-09-05T11:03:44.1511478-07:00,34092,renderer,30.12
2026-09-05T11:03:45.1835291-07:00,39116,crashpad-handler,10.48
2026-09-05T11:03:45.2038708-07:00,9168,gpu-process,624.25
2026-09-05T11:03:45.2148442-07:00,8340,utility,53.25
2026-09-05T11:03:45.2307486-07:00,45576,utility,19.72
2026-09-05T11:03:45.2414583-07:00,30008,renderer,82.7
2026-09-05T11:03:45.2594779-07:00,38120,renderer,678.72
2026-09-05T11:03:45.2960369-07:00,34092,renderer,30.12
2026-09-05T11:03:46.3410471-07:00,39116,crashpad-handler,10.48
2026-09-05T11:03:46.3522813-07:00,9168,gpu-process,624.24
2026-09-05T11:03:46.3643097-07:00,8340,utility,53.24
2026-09-05T11:03:46.3760056-07:00,45576,utility,19.72
2026-09-05T11:03:46.4160669-07:00,30008,renderer,82.7
2026-09-05T11:03:46.4275553-07:00,38120,renderer,678.94
2026-09-05T11:03:46.4567982-07:00,34092,renderer,30.12
2026-09-05T11:03:47.3988367-07:00,39116,crashpad-handler,10.48
2026-09-05T11:03:47.4082514-07:00,9168,gpu-process,624.24
2026-09-05T11:03:47.4191560-07:00,8340,utility,53.24
2026-09-05T11:03:47.4298408-07:00,45576,utility,19.72
2026-09-05T11:03:47.4411696-07:00,30008,renderer,82.7
2026-09-05T11:03:47.4512838-07:00,38120,renderer,678.94
2026-09-05T11:03:47.4632156-07:00,34092,renderer,30.12
2026-09-05T11:03:48.4348619-07:00,39116,crashpad-handler,10.48
2026-09-05T11:03:48.4471098-07:00,9168,gpu-process,624.24
2026-09-05T11:03:48.4773305-07:00,8340,utility,53.24
2026-09-05T11:03:48.5078220-07:00,45576,utility,19.72
2026-09-05T11:03:48.5400116-07:00,30008,renderer,82.7
2026-09-05T11:03:48.5523739-07:00,38120,renderer,678.62
2026-09-05T11:03:48.5648047-07:00,34092,renderer,30.12
2026-09-05T11:03:49.5156388-07:00,39116,crashpad-handler,10.48
2026-09-05T11:03:49.5264484-07:00,9168,gpu-process,624.24
2026-09-05T11:03:49.5367531-07:00,8340,utility,53.24
2026-09-05T11:03:49.5470004-07:00,45576,utility,19.72
2026-09-05T11:03:49.5611312-07:00,30008,renderer,82.7
2026-09-05T11:03:49.5733283-07:00,38120,renderer,678.64
2026-09-05T11:03:49.5852059-07:00,34092,renderer,30.12
2026-09-05T11:03:50.6590285-07:00,39116,crashpad-handler,10.48
2026-09-05T11:03:50.6699079-07:00,9168,gpu-process,624.26
2026-09-05T11:03:50.6794798-07:00,8340,utility,53.24
2026-09-05T11:03:50.6904091-07:00,45576,utility,19.72
2026-09-05T11:03:50.7004616-07:00,30008,renderer,82.7
2026-09-05T11:03:50.7117345-07:00,38120,renderer,678.64
2026-09-05T11:03:50.7220442-07:00,34092,renderer,30.12
2026-09-05T11:03:51.6324188-07:00,39116,crashpad-handler,10.48
2026-09-05T11:03:51.6425739-07:00,9168,gpu-process,624.26
2026-09-05T11:03:51.6543214-07:00,8340,utility,53.24
2026-09-05T11:03:51.6861111-07:00,45576,utility,19.72
2026-09-05T11:03:51.7072686-07:00,30008,renderer,82.7
2026-09-05T11:03:51.7617048-07:00,38120,renderer,678.64
2026-09-05T11:03:51.7793820-07:00,34092,renderer,30.12
2026-09-05T11:03:52.6752591-07:00,39116,crashpad-handler,10.48
2026-09-05T11:03:52.6845336-07:00,9168,gpu-process,624.26
2026-09-05T11:03:52.7009086-07:00,8340,utility,53.24
2026-09-05T11:03:52.7114964-07:00,45576,utility,19.72
2026-09-05T11:03:52.7234344-07:00,30008,renderer,82.7
2026-09-05T11:03:52.7342648-07:00,38120,renderer,678.64
2026-09-05T11:03:52.7477551-07:00,34092,renderer,30.12
2026-09-05T11:03:53.7630282-07:00,39116,crashpad-handler,10.48
2026-09-05T11:03:53.7721243-07:00,9168,gpu-process,624.26
2026-09-05T11:03:53.7860705-07:00,8340,utility,53.24
2026-09-05T11:03:53.7984900-07:00,45576,utility,19.72
2026-09-05T11:03:53.8106056-07:00,30008,renderer,82.7
2026-09-05T11:03:53.8206044-07:00,38120,renderer,678.25
2026-09-05T11:03:53.8331779-07:00,34092,renderer,30.12
2026-09-05T11:03:54.8178849-07:00,39116,crashpad-handler,10.48
2026-09-05T11:03:54.8295592-07:00,9168,gpu-process,624.26
2026-09-05T11:03:54.8408617-07:00,8340,utility,53.24
2026-09-05T11:03:54.8508319-07:00,45576,utility,19.72
2026-09-05T11:03:54.8629386-07:00,30008,renderer,82.7
2026-09-05T11:03:54.8744544-07:00,38120,renderer,678.25
2026-09-05T11:03:54.8860575-07:00,34092,renderer,30.12
2026-09-05T11:03:55.9935389-07:00,39116,crashpad-handler,10.48
2026-09-05T11:03:56.0048164-07:00,9168,gpu-process,624.26
2026-09-05T11:03:56.0170251-07:00,8340,utility,53.24
2026-09-05T11:03:56.0300885-07:00,45576,utility,19.72
2026-09-05T11:03:56.0461246-07:00,30008,renderer,82.7
2026-09-05T11:03:56.0742648-07:00,38120,renderer,678.34
2026-09-05T11:03:56.0923981-07:00,34092,renderer,30.12
2026-09-05T11:03:57.1714006-07:00,39116,crashpad-handler,10.48
2026-09-05T11:03:57.1891395-07:00,9168,gpu-process,624.26
2026-09-05T11:03:57.1992079-07:00,8340,utility,53.24
2026-09-05T11:03:57.2173655-07:00,45576,utility,19.72
2026-09-05T11:03:57.2321020-07:00,30008,renderer,82.7
2026-09-05T11:03:57.2520435-07:00,38120,renderer,678.43
2026-09-05T11:03:57.2721921-07:00,34092,renderer,30.12
2026-09-05T11:03:58.3183810-07:00,39116,crashpad-handler,10.48
2026-09-05T11:03:58.3357106-07:00,9168,gpu-process,622.64
2026-09-05T11:03:58.3477472-07:00,8340,utility,53.24
2026-09-05T11:03:58.3613996-07:00,45576,utility,19.72
2026-09-05T11:03:58.3747609-07:00,30008,renderer,82.7
2026-09-05T11:03:58.3850365-07:00,38120,renderer,678.43
2026-09-05T11:03:58.3974997-07:00,34092,renderer,30.12
2026-09-05T11:03:59.3934326-07:00,39116,crashpad-handler,10.48
2026-09-05T11:03:59.4109367-07:00,9168,gpu-process,620.77
2026-09-05T11:03:59.4271536-07:00,8340,utility,53.24
2026-09-05T11:03:59.4816784-07:00,45576,utility,19.72
2026-09-05T11:03:59.4938249-07:00,30008,renderer,82.7
2026-09-05T11:03:59.5077865-07:00,38120,renderer,678.44
2026-09-05T11:03:59.5277944-07:00,34092,renderer,30.12
2026-09-05T11:04:00.5188062-07:00,39116,crashpad-handler,10.48
2026-09-05T11:04:00.5342650-07:00,9168,gpu-process,618.91
2026-09-05T11:04:00.5855771-07:00,8340,utility,53.24
2026-09-05T11:04:00.6439461-07:00,45576,utility,19.72
2026-09-05T11:04:00.6671508-07:00,30008,renderer,82.7
2026-09-05T11:04:00.7043827-07:00,38120,renderer,678.44
2026-09-05T11:04:00.7192852-07:00,34092,renderer,30.12
2026-09-05T11:04:01.6734862-07:00,39116,crashpad-handler,10.48
2026-09-05T11:04:01.6855347-07:00,9168,gpu-process,617.05
2026-09-05T11:04:01.6947951-07:00,8340,utility,53.24
2026-09-05T11:04:01.7070419-07:00,45576,utility,19.72
2026-09-05T11:04:01.7177886-07:00,30008,renderer,82.7
2026-09-05T11:04:01.7281340-07:00,38120,renderer,678.34
2026-09-05T11:04:01.7407862-07:00,34092,renderer,30.12
2026-09-05T11:04:02.7904620-07:00,39116,crashpad-handler,10.48
2026-09-05T11:04:02.8094684-07:00,9168,gpu-process,616.76
2026-09-05T11:04:02.8211234-07:00,8340,utility,53.23
2026-09-05T11:04:02.8291331-07:00,45576,utility,19.72
2026-09-05T11:04:02.8400133-07:00,30008,renderer,82.7
2026-09-05T11:04:02.8504457-07:00,38120,renderer,678.83
2026-09-05T11:04:02.8639030-07:00,34092,renderer,30.12
2026-09-05T11:04:03.7965321-07:00,39116,crashpad-handler,10.48
2026-09-05T11:04:03.8061571-07:00,9168,gpu-process,616.76
2026-09-05T11:04:03.8177549-07:00,8340,utility,53.23
2026-09-05T11:04:03.8284006-07:00,45576,utility,19.72
2026-09-05T11:04:03.8387545-07:00,30008,renderer,82.7
2026-09-05T11:04:03.8491019-07:00,38120,renderer,678.83
2026-09-05T11:04:03.8609146-07:00,34092,renderer,30.12
2026-09-05T11:04:04.7503072-07:00,39116,crashpad-handler,10.48
2026-09-05T11:04:04.7656158-07:00,9168,gpu-process,616.77
2026-09-05T11:04:04.8013046-07:00,8340,utility,53.35
2026-09-05T11:04:04.8510050-07:00,45576,utility,19.72
2026-09-05T11:04:04.8706724-07:00,30008,renderer,82.7
2026-09-05T11:04:04.8813260-07:00,38120,renderer,678.84
2026-09-05T11:04:04.8911790-07:00,34092,renderer,30.12
2026-09-05T11:04:05.7734720-07:00,39116,crashpad-handler,10.48
2026-09-05T11:04:05.7789717-07:00,9168,gpu-process,616.77
2026-09-05T11:04:05.7933192-07:00,8340,utility,53.28
2026-09-05T11:04:05.8024061-07:00,45576,utility,19.72
2026-09-05T11:04:05.8162596-07:00,30008,renderer,82.7
2026-09-05T11:04:05.8276952-07:00,38120,renderer,678.36
2026-09-05T11:04:05.8334347-07:00,34092,renderer,30.12
2026-09-05T11:04:06.8695548-07:00,39116,crashpad-handler,10.48
2026-09-05T11:04:06.8927418-07:00,9168,gpu-process,616.77
2026-09-05T11:04:06.9242480-07:00,8340,utility,53.28
2026-09-05T11:04:06.9525635-07:00,45576,utility,19.72
2026-09-05T11:04:06.9708878-07:00,30008,renderer,82.7
2026-09-05T11:04:06.9827755-07:00,38120,renderer,678.36
2026-09-05T11:04:06.9899688-07:00,34092,renderer,30.12
2026-09-05T11:04:08.0517451-07:00,39116,crashpad-handler,10.48
2026-09-05T11:04:08.0699240-07:00,9168,gpu-process,616.77
2026-09-05T11:04:08.0804276-07:00,8340,utility,53.28
2026-09-05T11:04:08.0911485-07:00,45576,utility,19.72
2026-09-05T11:04:08.1003477-07:00,30008,renderer,82.7
2026-09-05T11:04:08.1115786-07:00,38120,renderer,678.36
2026-09-05T11:04:08.1213609-07:00,34092,renderer,30.12
2026-09-05T11:04:09.1675802-07:00,39116,crashpad-handler,10.48
2026-09-05T11:04:09.1779124-07:00,9168,gpu-process,616.77
2026-09-05T11:04:09.1885338-07:00,8340,utility,53.28
2026-09-05T11:04:09.2053603-07:00,45576,utility,19.72
2026-09-05T11:04:09.2268646-07:00,30008,renderer,82.7
2026-09-05T11:04:09.2400607-07:00,38120,renderer,678.69
2026-09-05T11:04:09.2512795-07:00,34092,renderer,30.12
2026-09-05T11:04:10.2580474-07:00,39116,crashpad-handler,10.48
2026-09-05T11:04:10.2983233-07:00,9168,gpu-process,616.77
2026-09-05T11:04:10.3160106-07:00,8340,utility,53.28
2026-09-05T11:04:10.3279568-07:00,45576,utility,19.72
2026-09-05T11:04:10.3398359-07:00,30008,renderer,82.7
2026-09-05T11:04:10.3509306-07:00,38120,renderer,678.48
2026-09-05T11:04:10.3626042-07:00,34092,renderer,30.12
2026-09-05T11:04:11.3994676-07:00,39116,crashpad-handler,10.48
2026-09-05T11:04:11.4103798-07:00,9168,gpu-process,616.77
2026-09-05T11:04:11.4229379-07:00,8340,utility,53.28
2026-09-05T11:04:11.4349099-07:00,45576,utility,19.72
2026-09-05T11:04:11.4459390-07:00,30008,renderer,82.7
2026-09-05T11:04:11.4578287-07:00,38120,renderer,678.88
2026-09-05T11:04:11.4758011-07:00,34092,renderer,30.12
2026-09-05T11:04:12.4603542-07:00,39116,crashpad-handler,10.48
2026-09-05T11:04:12.4717719-07:00,9168,gpu-process,616.77
2026-09-05T11:04:12.4820800-07:00,8340,utility,53.28
2026-09-05T11:04:12.5407426-07:00,45576,utility,19.72
2026-09-05T11:04:12.5731756-07:00,30008,renderer,82.7
2026-09-05T11:04:12.5854182-07:00,38120,renderer,678.88
2026-09-05T11:04:12.5966860-07:00,34092,renderer,30.12
2026-09-05T11:04:13.7392801-07:00,39116,crashpad-handler,10.48
2026-09-05T11:04:13.7559142-07:00,9168,gpu-process,610.82
